1,Maryann,Bennell,mbennell0@cmu.edu,Female,19.65.223.177
2,Aldin,Rodenborch,arodenborch1@vkontakte.ru,Male,223.113.65.90
3,Teador,Whyteman,twhyteman2@miibeian.gov.cn,Male,121.138.249.190
4,Abigael,Waddingham,awaddingham3@hatena.ne.jp,Female,93.233.219.1
5,Raymund,Clymer,rclymer4@techcrunch.com,Male,204.43.220.195
6,Lou,Brekonridge,lbrekonridge5@dailymail.co.uk,Male,8.254.252.109
7,Netty,Esson,nesson6@nhs.uk,Female,237.119.164.94
8,Bryon,Peaden,bpeaden7@blog.com,Male,103.77.237.254
9,Debbi,Brands,dbrands8@reverbnation.com,Female,121.74.162.187
10,Petrina,Samter,psamter9@nbcnews.com,Female,89.120.91.99
11,Jeremias,Syrad,jsyrada@japanpost.jp,Male,254.45.204.77
12,Den,Iredell,diredellb@businessweek.com,Male,14.137.178.134
13,Jackquelin,Lumm,jlummc@narod.ru,Female,132.71.241.51
14,Elston,Hasker,ehaskerd@blogtalkradio.com,Male,19.54.221.192
15,Dot,Clouston,dcloustone@china.com.cn,Female,48.52.21.117
16,Martina,Gaines,mgainesf@dailymail.co.uk,Female,186.172.187.146
17,Rick,Lemasney,rlemasneyg@unblog.fr,Male,222.37.28.121
18,Garwin,Lawles,glawlesh@globo.com,Male,72.223.230.171
19,Gwenora,Murrhaupt,gmurrhaupti@icio.us,Female,120.7.22.249
20,Bevon,Pitsall,bpitsallj@dailymail.co.uk,Male,181.33.58.75
21,Brianna,Scripps,bscrippsk@google.ru,Female,38.24.23.12
22,Thorn,Pitfield,tpitfieldl@bloomberg.com,Male,129.106.49.110
23,Michale,Bertram,mbertramm@virginia.edu,Male,175.20.8.186
24,Nobie,Luckman,nluckmann@statcounter.com,Male,58.174.161.214
25,Enrique,Rose,eroseo@tiny.cc,Male,3.207.80.217
26,Salli,Linnell,slinnellp@hao123.com,Female,167.142.253.93
27,Shannon,Petraitis,spetraitisq@earthlink.net,Male,228.37.196.111
28,Mikol,Nolte,mnolter@multiply.com,Male,164.244.160.237
29,Shannon,Hallsworth,shallsworths@marriott.com,Male,137.223.211.92
30,Bert,Corbally,bcorballyt@edublogs.org,Male,75.7.212.195
31,Jilli,Dearl,jdearlu@csmonitor.com,Female,132.13.192.255
32,Nevil,Daynter,ndaynterv@techcrunch.com,Male,239.168.40.170
33,Jesse,Dimeloe,jdimeloew@netvibes.com,Male,250.101.143.76
34,Krissy,Gerlts,kgerltsx@usa.gov,Female,209.92.223.49
35,Orville,Gabites,ogabitesy@tmall.com,Male,25.70.4.93
36,Darla,Gerlts,dgerltsz@bbb.org,Female,239.119.77.12
37,Chicky,Waterstone,cwaterstone10@upenn.edu,Female,142.126.2.154
38,Trent,Cicchitello,tcicchitello11@umn.edu,Male,75.78.252.141
39,Risa,Aaron,raaron12@squidoo.com,Female,249.107.85.11
40,Cesar,Gutch,cgutch13@shinystat.com,Male,185.78.78.171
41,Clare,Sutter,csutter14@youku.com,Male,105.135.160.169
42,Zaneta,Tomaszewski,ztomaszewski15@ox.ac.uk,Female,241.119.49.19
43,Den,Conrard,dconrard16@cyberchimps.com,Male,170.91.167.148
44,Tremayne,Trelease,ttrelease17@icio.us,Male,224.98.143.197
45,Annelise,De Wolfe,adewolfe18@deliciousdays.com,Female,172.188.43.122
46,Rodi,Yendle,ryendle19@springer.com,Female,77.176.29.206
47,Cyrill,Dicty,cdicty1a@t.co,Male,34.173.221.244
48,Darline,Realy,drealy1b@google.com.br,Female,2.170.105.0
49,Jorry,Gresty,jgresty1c@netvibes.com,Female,227.248.153.245
50,Tildie,Vick,tvick1d@berkeley.edu,Female,201.18.217.133
51,Kent,Fairbrass,kfairbrass1e@wired.com,Male,109.177.19.115
52,Kally,Burkhill,kburkhill1f@mediafire.com,Female,126.75.52.75
53,Fabe,Stockin,fstockin1g@surveymonkey.com,Male,151.197.147.81
54,Worth,Mitchener,wmitchener1h@tinypic.com,Male,151.244.243.157
55,Ruddie,Pealing,rpealing1i@mtv.com,Male,112.210.14.82
56,Norean,Donati,ndonati1j@about.me,Female,235.213.207.164
57,Germayne,Adelman,gadelman1k@wix.com,Male,125.97.127.62
58,Helena,Hudspith,hhudspith1l@bloglines.com,Female,86.89.63.69
59,Tracie,Grigoletti,tgrigoletti1m@boston.com,Male,233.227.62.31
60,Shanna,Achromov,sachromov1n@nasa.gov,Female,24.53.97.143
61,Tyler,McKiernan,tmckiernan1o@engadget.com,Male,7.32.64.165
62,Adelina,Lant,alant1p@csmonitor.com,Female,22.86.116.201
63,Chaunce,Prigmore,cprigmore1q@irs.gov,Male,245.168.137.89
64,Malena,Martensen,mmartensen1r@economist.com,Female,134.252.131.69
65,Stormi,Belliveau,sbelliveau1s@sakura.ne.jp,Female,153.227.177.85
66,Staffard,Burges,sburges1t@shareasale.com,Male,87.118.42.91
67,Efrem,Cribbins,ecribbins1u@dmoz.org,Male,33.25.177.255
68,Keriann,Eakens,keakens1v@eventbrite.com,Female,8.241.86.86
69,Zacharia,Sabbins,zsabbins1w@xrea.com,Male,251.250.17.109
70,Sully,Shadwick,sshadwick1x@163.com,Male,219.9.28.41
71,Thurston,Shoreman,tshoreman1y@woothemes.com,Male,78.218.167.41
72,Karole,Washington,kwashington1z@php.net,Female,49.150.10.7
73,Ag,Maciunas,amaciunas20@google.fr,Female,19.253.152.127
74,Emogene,Spalding,espalding21@gizmodo.com,Female,247.89.122.125
75,Olivier,Veal,oveal22@bluehost.com,Male,43.217.162.211
76,Bernice,Garr,bgarr23@constantcontact.com,Female,89.67.70.201
77,Rochester,Ivy,rivy24@amazon.de,Male,246.10.129.45
78,Pepe,Brear,pbrear25@sfgate.com,Male,15.47.140.208
79,Felecia,Gration,fgration26@bloomberg.com,Female,84.192.223.37
80,Marchelle,Resdale,mresdale27@google.ca,Female,139.30.83.88
81,Isabeau,Marsh,imarsh28@github.com,Female,192.124.209.193
82,Wittie,Jollands,wjollands29@dropbox.com,Male,10.219.61.95
83,Patten,Ingry,pingry2a@msn.com,Male,100.203.127.242
84,Tymon,Alltimes,talltimes2b@harvard.edu,Male,162.34.118.231
85,Truman,Yashaev,tyashaev2c@ustream.tv,Male,190.124.88.30
86,Shell,Woodsford,swoodsford2d@hhs.gov,Female,247.33.239.230
87,Benedikta,Bown,bbown2e@ovh.net,Female,227.139.104.234
88,Jules,Manthroppe,jmanthroppe2f@123-reg.co.uk,Male,61.156.176.220
89,Steven,Roubottom,sroubottom2g@wix.com,Male,76.155.129.27
90,Roxanne,MacCallion,rmaccallion2h@so-net.ne.jp,Female,158.124.111.240
91,Cordey,Shambrook,cshambrook2i@un.org,Female,4.91.246.203
92,Erl,Crispe,ecrispe2j@imageshack.us,Male,49.28.113.255
93,Lory,Pennell,lpennell2k@nature.com,Female,231.220.241.208
94,Bendicty,Gaisford,bgaisford2l@howstuffworks.com,Male,50.169.204.232
95,Maxie,Newham,mnewham2m@npr.org,Male,38.89.204.102
96,Pansie,Wernher,pwernher2n@topsy.com,Female,251.11.244.61
97,Loralee,Chaffyn,lchaffyn2o@facebook.com,Female,34.187.185.86
98,Kippie,Roome,kroome2p@infoseek.co.jp,Female,176.84.199.66
99,Barnebas,Greenway,bgreenway2q@cnbc.com,Male,69.136.177.234
100,Ronnica,Bugge,rbugge2r@bluehost.com,Female,229.246.35.244
101,Michell,Pittwood,mpittwood2s@prnewswire.com,Female,146.4.185.12
102,Maryellen,Stickel,mstickel2t@tripadvisor.com,Female,181.151.59.131
103,Benjie,Geach,bgeach2u@webnode.com,Male,96.32.210.177
104,Grace,Birkett,gbirkett2v@macromedia.com,Female,28.68.48.99
105,Albertina,Pioch,apioch2w@hubpages.com,Female,26.149.236.124
106,Fredric,Jedrzejczyk,fjedrzejczyk2x@telegraph.co.uk,Male,118.11.26.98
107,Jenine,Robiot,jrobiot2y@cargocollective.com,Female,83.119.189.15
108,Abeu,Tuxell,atuxell2z@issuu.com,Male,128.169.179.230
109,Kincaid,Symcox,ksymcox30@so-net.ne.jp,Male,12.223.88.99
110,Kerry,Balke,kbalke31@cyberchimps.com,Female,99.167.204.135
111,Danice,Sansum,dsansum32@opensource.org,Female,39.126.96.173
112,Gonzalo,Salmond,gsalmond33@huffingtonpost.com,Male,249.253.246.211
113,Jesse,Shapira,jshapira34@google.nl,Male,209.225.158.123
114,Lukas,Faichney,lfaichney35@fc2.com,Male,59.142.57.3
115,Denna,Peatheyjohns,dpeatheyjohns36@ebay.co.uk,Female,24.109.32.203
116,Chaddy,Tradewell,ctradewell37@smugmug.com,Male,81.116.149.227
117,Gabie,Tartt,gtartt38@time.com,Male,52.171.195.183
118,Bryn,Blagdon,bblagdon39@telegraph.co.uk,Male,83.63.186.224
119,Ilse,Annear,iannear3a@51.la,Female,39.190.167.148
120,Catrina,Duffus,cduffus3b@paginegialle.it,Female,28.243.82.159
121,Danika,Hustler,dhustler3c@opera.com,Female,243.143.4.56
122,Elliott,Veitch,eveitch3d@redcross.org,Male,135.16.111.63
123,Ray,Hearsey,rhearsey3e@nih.gov,Male,36.87.221.43
124,Sue,Yerlett,syerlett3f@google.co.jp,Female,61.100.200.253
125,Wes,Rilton,wrilton3g@forbes.com,Male,51.131.157.93
126,Otho,Cornillot,ocornillot3h@marketwatch.com,Male,2.251.126.245
127,Isador,Shaw,ishaw3i@businesswire.com,Male,141.3.155.75
128,Sharity,Weir,sweir3j@g.co,Female,225.122.167.215
129,Lucilia,McCawley,lmccawley3k@yahoo.co.jp,Female,112.34.98.17
130,Robin,Albrooke,ralbrooke3l@macromedia.com,Male,71.214.210.185
131,Kat,D'eye,kdeye3m@irs.gov,Female,106.47.51.153
132,Nathanial,Zelake,nzelake3n@chronoengine.com,Male,7.197.190.60
133,Bennie,Napolitano,bnapolitano3o@elpais.com,Male,87.61.234.64
134,Seamus,O'Hagirtie,sohagirtie3p@upenn.edu,Male,194.93.8.193
135,Mora,Oldroyd,moldroyd3q@tinyurl.com,Female,95.12.74.215
136,Madelyn,Kearle,mkearle3r@yellowbook.com,Female,94.30.130.34
137,Caesar,Fazzioli,cfazzioli3s@phpbb.com,Male,126.42.92.163
138,Storm,Red,sred3t@51.la,Female,64.80.105.233
139,Audrye,Tumioto,atumioto3u@quantcast.com,Female,249.228.180.134
140,Fae,Begbie,fbegbie3v@prnewswire.com,Female,94.180.18.0
141,Octavia,Geeraert,ogeeraert3w@apple.com,Female,243.233.88.60
142,Dian,Henriet,dhenriet3x@oakley.com,Female,111.20.73.254
143,Leroi,Dutson,ldutson3y@jimdo.com,Male,43.213.185.112
144,Worthington,Witherington,wwitherington3z@google.cn,Male,81.175.7.42
145,Diandra,Braunds,dbraunds40@nsw.gov.au,Female,114.0.155.13
146,Louis,Purry,lpurry41@slideshare.net,Male,49.140.76.165
147,Jarrett,Haysom,jhaysom42@altervista.org,Male,30.81.69.53
148,Cordelia,Volk,cvolk43@meetup.com,Female,237.169.209.62
149,Ludvig,Atkinson,latkinson44@blog.com,Male,24.115.9.115
150,Karlotta,Sheaf,ksheaf45@yellowpages.com,Female,146.200.228.246
151,Umberto,Arran,uarran46@clickbank.net,Male,3.39.113.153
152,Grover,Linturn,glinturn47@opensource.org,Male,129.33.92.40
153,Miltie,Tatteshall,mtatteshall48@ycombinator.com,Male,114.121.218.171
154,Correna,Champness,cchampness49@craigslist.org,Female,31.165.27.242
155,Valene,Yaneev,vyaneev4a@economist.com,Female,162.148.179.30
156,Abby,Breazeall,abreazeall4b@howstuffworks.com,Female,29.200.222.89
157,Gillian,Goater,ggoater4c@mlb.com,Female,197.21.57.162
158,Mame,Nunn,mnunn4d@edublogs.org,Female,229.228.131.55
159,Melita,Diver,mdiver4e@tumblr.com,Female,182.30.191.157
160,Ulrika,Gilvear,ugilvear4f@ehow.com,Female,115.125.141.120
161,Fredelia,Grimley,fgrimley4g@geocities.com,Female,58.195.75.78
162,Tailor,Marcham,tmarcham4h@msn.com,Male,12.44.195.183
163,Winifield,Cuffe,wcuffe4i@lulu.com,Male,42.3.195.9
164,Ardys,Berg,aberg4j@admin.ch,Female,221.171.29.36
165,Jeniece,Mastrantone,jmastrantone4k@cam.ac.uk,Female,43.150.247.173
166,Joni,Ottey,jottey4l@list-manage.com,Female,9.81.248.22
167,Chester,Carcas,ccarcas4m@amazon.de,Male,112.53.161.248
168,Jeremiah,Warren,jwarren4n@goo.ne.jp,Male,183.194.197.197
169,Maryann,Bunker,mbunker4o@stumbleupon.com,Female,187.103.17.26
170,Mignonne,Hedworth,mhedworth4p@alibaba.com,Female,142.75.14.158
171,Eleen,Vasilechko,evasilechko4q@symantec.com,Female,28.253.73.160
172,Leopold,Swadden,lswadden4r@vk.com,Male,161.136.92.235
173,Aldwin,Zienkiewicz,azienkiewicz4s@bizjournals.com,Male,61.253.163.203
174,Margaret,Sabberton,msabberton4t@themeforest.net,Female,235.104.165.20
175,Kristofer,Brickhill,kbrickhill4u@oaic.gov.au,Male,89.103.219.0
176,Borg,Doodson,bdoodson4v@ca.gov,Male,132.113.140.70
177,Devin,Gerbi,dgerbi4w@hc360.com,Male,23.91.103.154
178,Carine,Pilger,cpilger4x@tripod.com,Female,188.196.33.209
179,Lucien,McTurley,lmcturley4y@facebook.com,Male,7.194.146.64
180,Dorice,Cleen,dcleen4z@geocities.com,Female,246.129.139.195
181,Licha,Orteu,lorteu50@senate.gov,Female,104.158.49.89
182,Zacharias,Bark,zbark51@usda.gov,Male,5.165.44.57
183,Cecilius,Pittet,cpittet52@naver.com,Male,189.46.110.248
184,Tessi,Pinnijar,tpinnijar53@tuttocitta.it,Female,98.235.163.13
185,Stesha,Gillum,sgillum54@foxnews.com,Female,231.3.223.39
186,Marge,Krook,mkrook55@flavors.me,Female,192.191.112.50
187,Bella,Torbard,btorbard56@angelfire.com,Female,69.88.220.178
188,Borden,Connar,bconnar57@w3.org,Male,238.201.94.12
189,Barrett,Petcher,bpetcher58@epa.gov,Male,170.127.216.120
190,Heall,Stichall,hstichall59@msu.edu,Male,138.99.233.254
191,Ernestine,Vonasek,evonasek5a@mysql.com,Female,132.104.237.207
192,Allison,Olechnowicz,aolechnowicz5b@phpbb.com,Female,193.231.22.235
193,Corrine,Cubberley,ccubberley5c@wikimedia.org,Female,39.85.253.6
194,Gregorius,Mityashin,gmityashin5d@intel.com,Male,250.6.110.164
195,Maximilian,Arnett,marnett5e@psu.edu,Male,195.143.47.33
196,Agretha,Friedman,afriedman5f@loc.gov,Female,90.31.60.169
197,Eudora,Bentzen,ebentzen5g@apple.com,Female,46.184.218.27
198,Monique,Mandres,mmandres5h@huffingtonpost.com,Female,30.211.81.200
199,Veronica,Leonard,vleonard5i@bloglines.com,Female,129.49.195.142
200,Jakie,Sails,jsails5j@people.com.cn,Male,69.34.58.62
201,Penrod,Shyres,pshyres5k@xrea.com,Male,68.177.17.107
202,Gusella,Hothersall,ghothersall5l@wordpress.org,Female,130.239.231.83
203,Esther,Marten,emarten5m@php.net,Female,184.109.153.21
204,Falkner,Pummell,fpummell5n@ucsd.edu,Male,30.237.96.155
205,Granthem,Hurtado,ghurtado5o@samsung.com,Male,125.17.127.68
206,Ricki,Cockton,rcockton5p@ycombinator.com,Male,12.91.57.188
207,Larine,Boulde,lboulde5q@t-online.de,Female,82.49.27.234
208,Bobby,Bromell,bbromell5r@examiner.com,Female,221.48.24.43
209,Elsinore,Chaim,echaim5s@hugedomains.com,Female,54.128.142.143
210,Miltie,Georgievski,mgeorgievski5t@boston.com,Male,62.3.106.26
211,Lennie,Klamp,lklamp5u@desdev.cn,Male,129.240.26.62
212,Clevey,Bernetti,cbernetti5v@berkeley.edu,Male,86.129.11.23
213,Huntlee,Dobinson,hdobinson5w@newsvine.com,Male,19.143.240.235
214,Shannon,Snazel,ssnazel5x@apple.com,Female,206.151.252.130
215,Anderson,Philippsohn,aphilippsohn5y@jiathis.com,Male,210.90.89.153
216,Gerardo,Guillain,gguillain5z@spiegel.de,Male,74.190.131.140
217,Curtis,Oakenfall,coakenfall60@blogtalkradio.com,Male,85.191.178.148
218,Sergio,Glendining,sglendining61@wordpress.com,Male,185.83.214.115
219,Janet,Skehan,jskehan62@auda.org.au,Female,45.248.253.64
220,Karlen,Luppitt,kluppitt63@unblog.fr,Female,251.78.51.254
221,Grayce,Ccomini,gccomini64@flickr.com,Female,181.18.206.72
222,Kiel,Affleck,kaffleck65@slideshare.net,Male,140.208.83.108
223,Fania,Gossart,fgossart66@technorati.com,Female,70.172.50.53
224,Gerri,Glynn,gglynn67@unblog.fr,Male,32.142.226.29
225,Craig,Dando,cdando68@reddit.com,Male,181.62.204.37
226,Kissie,Finlason,kfinlason69@multiply.com,Female,105.5.219.24
227,Fidel,Lardez,flardez6a@earthlink.net,Male,37.18.105.137
228,Dorree,Jent,djent6b@pbs.org,Female,229.187.96.13
229,Cindra,Simonassi,csimonassi6c@woothemes.com,Female,240.127.208.182
230,Noelani,Verheyden,nverheyden6d@google.it,Female,141.142.180.92
231,Valaria,Jessard,vjessard6e@bluehost.com,Female,248.113.34.189
232,Enriqueta,Gogin,egogin6f@accuweather.com,Female,36.143.54.92
233,Maximo,Cafferky,mcafferky6g@huffingtonpost.com,Male,42.39.40.181
234,Garvey,Tommasuzzi,gtommasuzzi6h@virginia.edu,Male,58.188.211.51
235,Ora,Ryson,oryson6i@istockphoto.com,Female,245.87.64.39
236,Kikelia,Rawlison,krawlison6j@aboutads.info,Female,36.53.187.88
237,Eirena,Ech,eech6k@alibaba.com,Female,67.68.17.99
238,Torin,Tiesman,ttiesman6l@amazon.de,Male,17.248.110.156
239,Milton,Libbey,mlibbey6m@wisc.edu,Male,242.230.45.140
240,Gaby,Stormont,gstormont6n@go.com,Female,234.26.228.213
241,Malina,Alves,malves6o@rakuten.co.jp,Female,134.22.223.119
242,Cobb,Agiolfinger,cagiolfinger6p@imgur.com,Male,7.166.54.153
243,Ingelbert,Curner,icurner6q@sfgate.com,Male,15.125.165.143
244,Vilma,Jacobson,vjacobson6r@people.com.cn,Female,173.64.37.7
245,Jennica,Kobu,jkobu6s@umn.edu,Female,48.162.234.158
246,Dwain,Tansly,dtansly6t@vkontakte.ru,Male,158.170.172.138
247,Honey,Connolly,hconnolly6u@archive.org,Female,4.236.26.170
248,Marnie,Chown,mchown6v@desdev.cn,Female,114.50.210.157
249,Norry,Aldis,naldis6w@csmonitor.com,Male,54.60.92.17
250,Nealy,Jancik,njancik6x@usgs.gov,Male,171.243.226.69
251,Danya,Hyndley,dhyndley6y@hao123.com,Female,10.235.38.123
252,Tally,O'Scanlan,toscanlan6z@java.com,Male,54.198.69.184
253,Elfreda,McKall,emckall70@cdbaby.com,Female,193.163.35.144
254,Addy,Dumbleton,adumbleton71@newsvine.com,Female,174.112.223.236
255,Drew,Cheatle,dcheatle72@gov.uk,Male,35.27.167.212
256,Barn,Jacobssen,bjacobssen73@google.ru,Male,53.140.30.230
257,Alden,Hulls,ahulls74@webmd.com,Male,20.159.154.40
258,Nerissa,Dyball,ndyball75@amazon.co.uk,Female,242.231.90.67
259,Tybie,Cottam,tcottam76@google.pl,Female,194.233.58.196
260,Andras,Happert,ahappert77@usda.gov,Male,49.243.246.176
261,Sosanna,Bembrigg,sbembrigg78@prnewswire.com,Female,46.6.246.94
262,Ivar,Bromage,ibromage79@wikia.com,Male,165.142.230.200
263,Hoebart,Bonn,hbonn7a@umich.edu,Male,0.99.165.123
264,Felike,Geal,fgeal7b@acquirethisname.com,Male,9.23.133.202
265,Horst,Gloy,hgloy7c@shareasale.com,Male,152.17.117.200
266,Kiah,Cordell,kcordell7d@nhs.uk,Female,161.187.167.49
267,Jonas,Gabriel,jgabriel7e@symantec.com,Male,32.187.40.151
268,Fred,Baudouin,fbaudouin7f@omniture.com,Male,88.152.121.169
269,Arlen,Vanni,avanni7g@theatlantic.com,Female,163.151.58.203
270,Venita,Crenshaw,vcrenshaw7h@oracle.com,Female,66.109.112.165
271,Farlie,Brandsma,fbrandsma7i@abc.net.au,Male,143.59.98.159
272,Ardith,Robbe,arobbe7j@ftc.gov,Female,233.30.140.246
273,Brander,Goose,bgoose7k@dailymail.co.uk,Male,235.170.207.217
274,Adrian,Cottu,acottu7l@mit.edu,Female,53.191.237.195
275,Jeniffer,Siccombe,jsiccombe7m@mayoclinic.com,Female,88.175.28.123
276,Jacquette,Irdale,jirdale7n@paypal.com,Female,198.207.11.154
277,Timofei,Dunlap,tdunlap7o@xing.com,Male,232.162.16.207
278,Marnia,Khomich,mkhomich7p@sun.com,Female,106.143.51.213
279,Maryellen,Curdell,mcurdell7q@pbs.org,Female,204.10.59.29
280,Ulla,Cheshir,ucheshir7r@jigsy.com,Female,212.178.102.130
281,Baldwin,Purkiss,bpurkiss7s@hugedomains.com,Male,105.185.251.201
282,Cammy,Simonds,csimonds7t@list-manage.com,Male,197.172.164.0
283,Klemens,Shepley,kshepley7u@vk.com,Male,119.131.53.203
284,Garrik,Guillard,gguillard7v@ucoz.com,Male,240.7.129.59
285,Aeriell,Lumox,alumox7w@shop-pro.jp,Female,65.253.105.149
286,Bill,Kyllford,bkyllford7x@nhs.uk,Male,100.23.218.34
287,Agnesse,Goodee,agoodee7y@businessinsider.com,Female,132.4.86.128
288,Lydie,Dey,ldey7z@europa.eu,Female,195.14.6.81
289,Cesar,Daton,cdaton80@digg.com,Male,34.10.222.185
290,Janey,Agglione,jagglione81@cnn.com,Female,11.92.229.253
291,Nance,Tollady,ntollady82@goo.ne.jp,Female,153.237.104.208
292,Tobie,Turgoose,tturgoose83@psu.edu,Male,130.197.187.100
293,Isacco,Baggalley,ibaggalley84@taobao.com,Male,111.228.67.44
294,Ellery,Peasnone,epeasnone85@cnet.com,Male,212.251.197.87
295,Jaquelin,Blaver,jblaver86@ihg.com,Female,53.138.89.140
296,Tracie,MacFadyen,tmacfadyen87@paypal.com,Female,183.11.200.164
297,Deana,Strethill,dstrethill88@slideshare.net,Female,117.179.250.109
298,Gaylor,Withers,gwithers89@wp.com,Male,135.208.25.127
299,Devina,Chretien,dchretien8a@vkontakte.ru,Female,232.97.61.108
300,Alphard,Beric,aberic8b@comcast.net,Male,78.142.167.125
301,Giuseppe,Paulino,gpaulino8c@chronoengine.com,Male,170.110.153.111
302,Yoko,Cowpe,ycowpe8d@slideshare.net,Female,143.247.175.27
303,Terrance,Hollyer,thollyer8e@hibu.com,Male,38.48.109.112
304,Murdock,Dracksford,mdracksford8f@parallels.com,Male,191.128.8.219
305,Codie,Mathevon,cmathevon8g@arstechnica.com,Male,212.218.59.55
306,Roselia,Traher,rtraher8h@shareasale.com,Female,101.96.254.19
307,Lura,McIlvaney,lmcilvaney8i@google.com.au,Female,57.143.158.74
308,Myrvyn,Almon,malmon8j@pinterest.com,Male,9.57.125.246
309,Odey,Barrs,obarrs8k@cisco.com,Male,39.229.29.63
310,Yardley,Van Giffen,yvangiffen8l@omniture.com,Male,31.207.208.254
311,Menard,Rayman,mrayman8m@geocities.com,Male,207.207.104.225
312,Arley,Garling,agarling8n@army.mil,Male,124.245.131.132
313,Brooke,Grimshaw,bgrimshaw8o@merriam-webster.com,Male,39.8.237.129
314,Tara,Carabet,tcarabet8p@eventbrite.com,Female,10.195.171.203
315,Tabbie,Busen,tbusen8q@bloglines.com,Male,83.209.172.214
316,Jerald,Kobelt,jkobelt8r@usda.gov,Male,30.32.11.241
317,Nicole,Derricoat,nderricoat8s@mayoclinic.com,Female,103.92.94.208
318,Ev,Coarser,ecoarser8t@auda.org.au,Male,125.60.165.3
319,Tarah,Spuffard,tspuffard8u@google.ca,Female,227.148.36.124
320,Lovell,Fright,lfright8v@ed.gov,Male,218.234.124.193
321,Jess,Simms,jsimms8w@sakura.ne.jp,Male,133.172.100.247
322,Worthington,Longhorn,wlonghorn8x@unicef.org,Male,100.61.220.133
323,Rodrigo,Knill,rknill8y@myspace.com,Male,217.111.37.59
324,Bernie,Spenceley,bspenceley8z@twitter.com,Male,224.219.66.82
325,Kristoforo,Priddle,kpriddle90@yellowbook.com,Male,181.227.126.228
326,Juliana,Ugoletti,jugoletti91@soup.io,Female,45.210.42.60
327,Bondon,Giamo,bgiamo92@goo.ne.jp,Male,213.14.187.231
328,Sylvester,Borne,sborne93@lulu.com,Male,209.54.68.101
329,Berti,Steanson,bsteanson94@gov.uk,Female,209.69.189.90
330,Kelsey,Ratchford,kratchford95@blogger.com,Male,151.16.109.34
331,Gardner,Akam,gakam96@guardian.co.uk,Male,54.209.200.241
332,Geri,Reyner,greyner97@lulu.com,Male,132.127.115.195
333,Jilleen,Rowatt,jrowatt98@surveymonkey.com,Female,167.4.158.188
334,Bride,Burtt,bburtt99@360.cn,Female,95.157.8.251
335,Stanislas,Proswell,sproswell9a@noaa.gov,Male,63.15.139.174
336,Farrah,Dodson,fdodson9b@elpais.com,Female,64.163.154.6
337,Ludvig,Wasmer,lwasmer9c@hubpages.com,Male,218.62.59.53
338,Ally,Berthelet,aberthelet9d@typepad.com,Female,47.146.99.120
339,Tallulah,Armistead,tarmistead9e@epa.gov,Female,46.9.204.120
340,Sully,Mowat,smowat9f@china.com.cn,Male,204.237.199.42
341,Steffie,Giovannardi,sgiovannardi9g@wordpress.com,Female,187.3.184.112
342,Cheryl,Karmel,ckarmel9h@barnesandnoble.com,Female,72.2.116.254
343,Timothee,Mogg,tmogg9i@goodreads.com,Male,36.206.201.164
344,Kalli,Weerdenburg,kweerdenburg9j@wikipedia.org,Female,139.1.151.141
345,Clotilda,Capelow,ccapelow9k@nature.com,Female,64.155.167.11
346,Kathy,Woofendell,kwoofendell9l@gov.uk,Female,73.11.66.44
347,Dal,Dysert,ddysert9m@about.com,Male,140.3.119.213
348,Alvan,Prudham,aprudham9n@japanpost.jp,Male,120.192.232.43
349,Alan,Muldowney,amuldowney9o@facebook.com,Male,19.236.85.134
350,Nataniel,Bartolommeo,nbartolommeo9p@alibaba.com,Male,238.212.182.33
351,L;urette,Gleasane,lgleasane9q@deliciousdays.com,Female,69.177.173.40
352,Rolph,Noden,rnoden9r@mapy.cz,Male,152.205.74.46
353,Conant,Cowing,ccowing9s@smh.com.au,Male,14.183.197.28
354,Lurlene,Murfill,lmurfill9t@umich.edu,Female,201.234.188.233
355,Andrus,Dottridge,adottridge9u@nba.com,Male,225.190.89.5
356,Izzy,Coleyshaw,icoleyshaw9v@merriam-webster.com,Male,63.51.42.233
357,Sansone,Sellner,ssellner9w@blogs.com,Male,103.29.121.222
358,Fernandina,Samwaye,fsamwaye9x@webs.com,Female,250.127.172.210
359,Beaufort,O'Grada,bograda9y@blinklist.com,Male,193.204.178.141
360,Earle,Dadge,edadge9z@buzzfeed.com,Male,21.71.39.85
361,Doll,Tideswell,dtideswella0@businesswire.com,Female,190.241.97.61
362,Jan,Laudham,jlaudhama1@furl.net,Male,135.228.100.197
363,Cammy,Benedict,cbenedicta2@google.cn,Male,114.51.72.128
364,Amelia,Mattschas,amattschasa3@flavors.me,Female,233.174.48.57
365,Kailey,Fleckno,kflecknoa4@umich.edu,Female,124.5.14.43
366,Cornie,Campagne,ccampagnea5@bloglovin.com,Male,94.180.114.244
367,Leola,Demangeot,ldemangeota6@mail.ru,Female,78.209.73.49
368,Howey,Duigan,hduigana7@google.com,Male,85.194.167.239
369,Blinny,Clifforth,bcliffortha8@imageshack.us,Female,107.88.70.109
370,Craig,Pauluzzi,cpauluzzia9@slideshare.net,Male,67.40.255.146
371,Paige,Ashlee,pashleeaa@cam.ac.uk,Male,167.201.179.227
372,Nicoline,Roder,nroderab@shinystat.com,Female,174.9.183.134
373,Dorey,Ringe,dringeac@sourceforge.net,Female,68.226.156.157
374,Kaspar,Whordley,kwhordleyad@blogspot.com,Male,94.115.216.152
375,Laurence,Southway,lsouthwayae@europa.eu,Male,180.111.201.67
376,Charil,Jeffreys,cjeffreysaf@yolasite.com,Female,164.129.166.255
377,Huberto,Seiler,hseilerag@digg.com,Male,243.152.116.45
378,Cordy,Jaime,cjaimeah@51.la,Female,86.51.184.164
379,Leann,Boulde,lbouldeai@redcross.org,Female,10.109.65.187
380,Angelle,Fotheringham,afotheringhamaj@t-online.de,Female,196.63.247.228
381,Jeanine,Sawkin,jsawkinak@pinterest.com,Female,27.42.113.178
382,Loren,Langlands,llanglandsal@hubpages.com,Female,231.11.135.186
383,Daffi,Fernihough,dfernihougham@noaa.gov,Female,180.123.124.65
384,Michaela,Vanichkin,mvanichkinan@addthis.com,Female,110.44.43.38
385,Englebert,Hatchman,ehatchmanao@dyndns.org,Male,194.18.224.63
386,Dory,Scamp,dscampap@icq.com,Female,248.230.233.163
387,Erasmus,Gaskamp,egaskampaq@cafepress.com,Male,154.143.137.147
388,Bink,Philipot,bphilipotar@vinaora.com,Male,118.98.0.240
389,Zaneta,Bridgett,zbridgettas@google.com.au,Female,115.19.184.66
390,Chilton,Fiander,cfianderat@home.pl,Male,168.38.252.206
391,Marv,Immings,mimmingsau@bloomberg.com,Male,110.148.235.212
392,Esme,Dillingston,edillingstonav@printfriendly.com,Female,177.25.127.174
393,Coraline,Maudlin,cmaudlinaw@fc2.com,Female,193.91.231.49
394,Brana,Mucklow,bmucklowax@cnbc.com,Female,205.61.168.50
395,Portia,Currey,pcurreyay@jigsy.com,Female,9.206.113.159
396,Gustavus,Trigwell,gtrigwellaz@nhs.uk,Male,112.13.34.91
397,Dirk,Ivanishchev,divanishchevb0@example.com,Male,0.52.81.136
398,Ewan,Nials,enialsb1@blog.com,Male,21.211.91.190
399,Findlay,Gross,fgrossb2@buzzfeed.com,Male,135.0.142.124
400,Reggie,Whale,rwhaleb3@google.it,Male,76.77.213.139
401,Cross,Valerio,cvaleriob4@live.com,Male,121.226.3.192
402,Sigmund,Aysik,saysikb5@lulu.com,Male,105.77.166.196
403,Jayme,Washbrook,jwashbrookb6@wsj.com,Male,103.119.84.44
404,Arley,Donnett,adonnettb7@state.tx.us,Male,195.88.87.76
405,Lydon,Millin,lmillinb8@a8.net,Male,150.107.55.101
406,Culver,Marques,cmarquesb9@cloudflare.com,Male,126.194.33.174
407,Townsend,Brobyn,tbrobynba@bravesites.com,Male,166.52.30.173
408,Bruno,Fearne,bfearnebb@purevolume.com,Male,144.200.45.131
409,Archer,Bahia,abahiabc@google.com,Male,220.225.6.246
410,Latashia,Bramwich,lbramwichbd@goodreads.com,Female,152.7.227.84
411,Leeann,Grigori,lgrigoribe@wired.com,Female,241.172.32.45
412,Tallie,Bridgestock,tbridgestockbf@live.com,Female,109.75.105.165
413,Rosalinde,Barkworth,rbarkworthbg@google.nl,Female,112.204.50.204
414,Kaile,Krop,kkropbh@dropbox.com,Female,5.201.229.3
415,Abey,Beincken,abeinckenbi@harvard.edu,Male,246.59.207.37
416,Lovell,Hutchins,lhutchinsbj@sbwire.com,Male,235.205.49.212
417,Wally,Gowrie,wgowriebk@smh.com.au,Male,233.13.51.228
418,Stormie,Stirrip,sstirripbl@a8.net,Female,137.94.50.232
419,Koral,Backs,kbacksbm@edublogs.org,Female,211.171.89.120
420,Leilah,Varfalameev,lvarfalameevbn@baidu.com,Female,60.80.221.243
421,Joby,Zorzini,jzorzinibo@domainmarket.com,Female,113.238.171.177
422,Sharl,Pllu,spllubp@miibeian.gov.cn,Female,147.170.132.74
423,Minerva,McClary,mmcclarybq@canalblog.com,Female,64.131.25.5
424,Valery,Russon,vrussonbr@kickstarter.com,Female,84.75.130.60
425,Mariya,Rozzell,mrozzellbs@usatoday.com,Female,90.177.231.76
426,Marji,Maylard,mmaylardbt@huffingtonpost.com,Female,212.62.141.8
427,Mattie,Roke,mrokebu@tuttocitta.it,Male,157.44.175.219
428,Sherlocke,De Ruggero,sderuggerobv@tuttocitta.it,Male,244.14.234.224
429,Jerrylee,Donett,jdonettbw@dailymail.co.uk,Female,143.33.89.147
430,Maxie,Gimbrett,mgimbrettbx@webs.com,Male,77.7.72.17
431,Emmy,Naton,enatonby@odnoklassniki.ru,Male,190.126.118.39
432,Kirsteni,Rumke,krumkebz@sourceforge.net,Female,141.205.111.61
433,Nana,Lamerton,nlamertonc0@nbcnews.com,Female,248.204.185.90
434,Catherin,Rodnight,crodnightc1@dyndns.org,Female,198.254.133.31
435,Theda,Zoanetti,tzoanettic2@npr.org,Female,155.183.81.219
436,Kacey,Silvermann,ksilvermannc3@businessweek.com,Female,169.212.245.161
437,Emyle,Gunter,egunterc4@constantcontact.com,Female,219.107.234.181
438,Dane,Bothen,dbothenc5@google.it,Male,46.78.22.248
439,Tiphani,Berrington,tberringtonc6@nba.com,Female,205.249.69.80
440,Linet,Catmull,lcatmullc7@nhs.uk,Female,24.28.170.169
441,Herold,Brigstock,hbrigstockc8@unesco.org,Male,102.109.86.187
442,Gena,Atley,gatleyc9@simplemachines.org,Female,41.191.128.121
443,Broderick,Boldock,bboldockca@hatena.ne.jp,Male,125.200.235.193
444,Cordelie,Prisley,cprisleycb@nifty.com,Female,169.183.89.101
445,Yorke,Minty,ymintycc@cbslocal.com,Male,61.194.218.199
446,Brandon,Farnsworth,bfarnsworthcd@sakura.ne.jp,Male,116.187.250.198
447,Nil,Simek,nsimekce@jugem.jp,Male,174.87.62.79
448,Archy,O'Corr,aocorrcf@mapquest.com,Male,53.96.180.14
449,Eddy,Bramer,ebramercg@guardian.co.uk,Male,220.217.61.67
450,Annabela,Stanbridge,astanbridgech@ovh.net,Female,52.44.30.55
451,Perceval,Ninotti,pninottici@archive.org,Male,1.245.89.226
452,Joan,Waugh,jwaughcj@businessweek.com,Female,161.160.67.247
453,Caye,Spillett,cspillettck@etsy.com,Female,128.182.96.174
454,Erhard,Drees,edreescl@about.me,Male,63.242.204.26
455,Gusella,Poter,gpotercm@myspace.com,Female,6.126.181.170
456,Richart,Dradey,rdradeycn@europa.eu,Male,96.20.225.1
457,Laure,Hugh,lhughco@youtube.com,Female,138.190.176.73
458,Lazaro,Yellowlea,lyellowleacp@yolasite.com,Male,180.99.149.177
459,Martina,Brezlaw,mbrezlawcq@foxnews.com,Female,138.184.116.70
460,Dara,O'Sullivan,dosullivancr@army.mil,Female,115.183.234.199
461,Guglielma,Purdon,gpurdoncs@etsy.com,Female,154.145.4.146
462,Marillin,North,mnorthct@ca.gov,Female,240.165.255.227
463,Guthry,Osband,gosbandcu@mozilla.org,Male,5.86.215.126
464,Elsi,Clarage,eclaragecv@w3.org,Female,92.192.73.89
465,Annmaria,Baudy,abaudycw@bloomberg.com,Female,25.117.58.66
466,Dasi,Ramshay,dramshaycx@cyberchimps.com,Female,6.221.130.69
467,Lissie,Chesley,lchesleycy@sourceforge.net,Female,164.237.202.12
468,Gilberta,Tattam,gtattamcz@smugmug.com,Female,99.253.25.95
469,Goldy,Brunroth,gbrunrothd0@quantcast.com,Female,196.52.135.252
470,Nola,Stronghill,nstronghilld1@biblegateway.com,Female,171.216.118.86
471,Robbie,Swendell,rswendelld2@ftc.gov,Male,170.103.211.34
472,Charmain,Sherrott,csherrottd3@reference.com,Female,172.228.246.21
473,Tamiko,Tolhurst,ttolhurstd4@smh.com.au,Female,70.12.239.115
474,Davie,Gerrish,dgerrishd5@cargocollective.com,Male,173.206.226.48
475,Jammie,McNeachtain,jmcneachtaind6@wikia.com,Female,199.228.131.178
476,Rufus,Hebbard,rhebbardd7@yandex.ru,Male,110.231.185.141
477,Mac,MacBean,mmacbeand8@buzzfeed.com,Male,104.229.75.86
478,Garrott,Symonds,gsymondsd9@devhub.com,Male,54.215.91.192
479,Rooney,Andreini,randreinida@eventbrite.com,Male,14.247.0.183
480,Rhody,Bynold,rbynolddb@disqus.com,Female,158.62.251.162
481,Heddie,Glass,hglassdc@example.com,Female,47.58.106.113
482,Gillan,Odhams,godhamsdd@is.gd,Female,241.155.203.200
483,Dulcea,Gow,dgowde@technorati.com,Female,41.218.8.127
484,Eddi,Reddie,ereddiedf@sakura.ne.jp,Female,174.147.118.78
485,Freeland,Jillitt,fjillittdg@friendfeed.com,Male,106.10.193.179
486,Avrom,Mayow,amayowdh@technorati.com,Male,208.178.177.122
487,Arda,Le Pruvost,alepruvostdi@biglobe.ne.jp,Female,74.175.183.229
488,Chevy,Svanini,csvaninidj@npr.org,Male,34.44.229.60
489,Sofie,Pullar,spullardk@nhs.uk,Female,255.36.36.120
490,Nancy,Cyphus,ncyphusdl@meetup.com,Female,241.105.229.169
491,Jesselyn,Sked,jskeddm@businessinsider.com,Female,36.57.22.191
492,Val,Hobson,vhobsondn@squidoo.com,Female,33.41.248.199
493,Marga,Tieraney,mtieraneydo@wikipedia.org,Female,172.238.31.46
494,Fielding,Oxenden,foxendendp@live.com,Male,60.190.121.175
495,Monti,O'Fergus,mofergusdq@squidoo.com,Male,108.202.49.98
496,Breena,Rycraft,brycraftdr@nifty.com,Female,21.186.48.223
497,Latia,Parke,lparkeds@fema.gov,Female,162.141.58.54
498,Vikky,Martinetto,vmartinettodt@va.gov,Female,58.79.56.226
499,Miner,Haskins,mhaskinsdu@kickstarter.com,Male,206.254.23.170
500,Celia,Habbershon,chabbershondv@intel.com,Female,26.71.82.80
501,Tamarah,Olesen,tolesendw@cnet.com,Female,63.138.144.37
502,Zacherie,Scapelhorn,zscapelhorndx@washingtonpost.com,Male,59.142.132.66
503,Beck,Micheli,bmichelidy@drupal.org,Male,84.105.51.59
504,Hamel,Carnegy,hcarnegydz@hud.gov,Male,222.252.137.52
505,Brandy,Geall,bgealle0@addtoany.com,Male,69.25.170.104
506,Sayers,Murcott,smurcotte1@wordpress.org,Male,1.2.201.47
507,Chrystel,Ferron,cferrone2@addthis.com,Female,191.133.186.173
508,Nataniel,Stein,nsteine3@123-reg.co.uk,Male,178.112.226.224
509,Ida,Hawker,ihawkere4@creativecommons.org,Female,18.44.154.240
510,Shalom,Nobriga,snobrigae5@springer.com,Male,102.182.100.127
511,Edward,Ingrem,eingreme6@mail.ru,Male,242.167.146.95
512,Kathleen,Sproul,ksproule7@utexas.edu,Female,195.56.245.51
513,Rurik,O'Lenechan,rolenechane8@networksolutions.com,Male,94.127.36.176
514,Dunn,Thormwell,dthormwelle9@macromedia.com,Male,155.140.243.59
515,Jonas,Nutbrown,jnutbrownea@reverbnation.com,Male,106.173.150.166
516,Brantley,Du Fray,bdufrayeb@vkontakte.ru,Male,124.242.152.252
517,Alane,McBrearty,amcbreartyec@4shared.com,Female,18.236.42.237
518,Raeann,Chugg,rchugged@g.co,Female,242.168.190.238
519,Archaimbaud,Neesam,aneesamee@archive.org,Male,240.187.111.85
520,Paxon,Autin,pautinef@businessweek.com,Male,9.192.222.247
521,Tedra,Fairest,tfairesteg@feedburner.com,Female,152.90.207.180
522,Eustace,Smalcombe,esmalcombeeh@sakura.ne.jp,Male,161.142.108.155
523,Gwennie,Cowell,gcowellei@naver.com,Female,146.30.146.153
524,Kelcey,Revely,krevelyej@fema.gov,Female,135.72.153.146
525,Cindi,Grewar,cgrewarek@gmpg.org,Female,226.53.169.81
526,Alistair,Attwell,aattwellel@wikia.com,Male,215.23.57.180
527,Nathalie,Coo,ncooem@posterous.com,Female,119.178.83.95
528,Errol,Yesichev,eyesicheven@goodreads.com,Male,113.59.246.72
529,Dorey,Ferencz,dferenczeo@deviantart.com,Male,9.169.117.104
530,Lulita,Boyce,lboyceep@usatoday.com,Female,241.112.76.206
531,Guillema,Tuohy,gtuohyeq@google.co.uk,Female,126.220.13.78
532,Randi,Dmitrievski,rdmitrievskier@techcrunch.com,Male,149.92.184.251
533,Leda,Farnin,lfarnines@berkeley.edu,Female,61.190.56.224
534,Marla,Philbrook,mphilbrooket@java.com,Female,197.244.173.122
535,Kenneth,Voyce,kvoyceeu@dyndns.org,Male,65.108.219.163
536,Elbertine,Gittus,egittusev@chicagotribune.com,Female,125.150.57.229
537,Papageno,Yes,pyesew@digg.com,Male,146.169.74.138
538,Raimondo,Fairham,rfairhamex@loc.gov,Male,252.239.25.200
539,Vivien,Cockshott,vcockshottey@sourceforge.net,Female,78.51.121.94
540,Mollee,McIlwraith,mmcilwraithez@surveymonkey.com,Female,22.72.191.69
541,Torrie,Saer,tsaerf0@gov.uk,Female,185.82.18.119
542,Ciel,Clavering,cclaveringf1@joomla.org,Female,154.129.20.117
543,Ignazio,Rabjohn,irabjohnf2@yandex.ru,Male,235.21.53.112
544,Ron,Perch,rperchf3@ebay.co.uk,Male,80.232.27.249
545,Shanna,Jagielski,sjagielskif4@harvard.edu,Female,254.220.0.150
546,Marcel,Verriour,mverriourf5@livejournal.com,Male,141.140.24.52
547,Hilton,Mulles,hmullesf6@free.fr,Male,98.44.185.123
548,Skip,Hillett,shillettf7@nydailynews.com,Male,138.98.168.36
549,Caz,Deevey,cdeeveyf8@google.com,Male,127.143.10.221
550,Debor,Andriuzzi,dandriuzzif9@noaa.gov,Female,153.203.106.111
551,Nanete,Aires,nairesfa@cam.ac.uk,Female,33.219.86.46
552,Pincus,Millhouse,pmillhousefb@japanpost.jp,Male,77.162.192.183
553,Cameron,Foulks,cfoulksfc@4shared.com,Male,2.7.17.242
554,Gwen,Crambie,gcrambiefd@tumblr.com,Female,127.188.207.105
555,Beulah,Eberdt,beberdtfe@yellowbook.com,Female,253.253.158.66
556,Clifford,Hanratty,chanrattyff@bizjournals.com,Male,111.29.194.253
557,Carly,Saintsbury,csaintsburyfg@tripadvisor.com,Female,151.114.64.135
558,Leslie,Coot,lcootfh@trellian.com,Male,236.144.44.148
559,Joellyn,Agnolo,jagnolofi@drupal.org,Female,221.45.220.157
560,Rosemaria,Baddow,rbaddowfj@myspace.com,Female,70.53.71.78
561,Aura,Laville,alavillefk@bizjournals.com,Female,57.22.199.12
562,Germana,Kienzle,gkienzlefl@smugmug.com,Female,167.150.27.218
563,Hamilton,Warrick,hwarrickfm@addtoany.com,Male,1.87.247.255
564,Marylin,Valek,mvalekfn@friendfeed.com,Female,100.99.109.104
565,Irwinn,Binstead,ibinsteadfo@yahoo.co.jp,Male,67.16.134.135
566,Mikel,Lawrey,mlawreyfp@thetimes.co.uk,Male,68.163.80.170
567,Theobald,Drewson,tdrewsonfq@multiply.com,Male,122.133.120.171
568,Jasper,Pearson,jpearsonfr@mapy.cz,Male,184.201.75.216
569,Susy,Hughesdon,shughesdonfs@people.com.cn,Female,97.115.215.123
570,Tessa,Skullet,tskulletft@washingtonpost.com,Female,235.96.192.243
571,Dermot,Cornfield,dcornfieldfu@shareasale.com,Male,103.44.76.226
572,Adrianna,Bannister,abannisterfv@skyrock.com,Female,186.247.138.44
573,Stormy,Lassells,slassellsfw@amazon.co.jp,Female,83.73.23.246
574,Siward,Glover,sgloverfx@addtoany.com,Male,55.50.189.21
575,Fergus,Drydale,fdrydalefy@digg.com,Male,241.217.199.173
576,Geoffrey,Henrichsen,ghenrichsenfz@google.pl,Male,251.169.29.251
577,Tracee,Sail,tsailg0@economist.com,Female,43.94.74.255
578,Sharyl,Lambot,slambotg1@bloglovin.com,Female,60.137.72.79
579,Dori,O'Hern,doherng2@geocities.jp,Female,108.41.213.41
580,Ware,Schutze,wschutzeg3@quantcast.com,Male,169.57.244.228
581,Constancy,Works,cworksg4@nasa.gov,Female,228.59.7.150
582,Carolin,MacNair,cmacnairg5@jigsy.com,Female,85.227.250.196
583,Calli,Ruddin,crudding6@cornell.edu,Female,231.222.72.160
584,Maxwell,Stebles,msteblesg7@yandex.ru,Male,109.199.216.87
585,Carlita,Mauvin,cmauving8@yelp.com,Female,13.12.114.70
586,Thornton,Chue,tchueg9@marketwatch.com,Male,76.232.202.47
587,Ugo,Collimore,ucollimorega@theglobeandmail.com,Male,74.232.14.123
588,Rubin,Pottberry,rpottberrygb@networkadvertising.org,Male,187.47.197.113
589,Marie-jeanne,Domnin,mdomningc@dropbox.com,Female,69.128.71.100
590,Dory,Elles,dellesgd@theguardian.com,Female,185.193.218.50
591,Christean,Mufford,cmuffordge@example.com,Female,140.112.233.95
592,Rosemonde,Reach,rreachgf@hexun.com,Female,119.25.77.197
593,Obidiah,Jinda,ojindagg@studiopress.com,Male,89.95.199.153
594,Evangelin,Gudgeon,egudgeongh@histats.com,Female,226.125.9.248
595,Rae,Lappin,rlappingi@pagesperso-orange.fr,Female,125.226.141.201
596,Amy,Handforth,ahandforthgj@opera.com,Female,191.106.112.139
597,Milo,Benoist,mbenoistgk@typepad.com,Male,17.198.118.1
598,Enrique,Peyes,epeyesgl@blogspot.com,Male,175.38.191.94
599,Marie,Lewty,mlewtygm@shop-pro.jp,Female,135.220.152.98
600,Elfreda,Earle,eearlegn@economist.com,Female,140.129.159.113
601,Ruthe,Sutton,rsuttongo@state.gov,Female,86.250.167.178
602,Paco,Cottie,pcottiegp@huffingtonpost.com,Male,203.247.124.156
603,Cymbre,Mackerness,cmackernessgq@ed.gov,Female,1.124.3.191
604,Annadiana,Roggeman,aroggemangr@admin.ch,Female,47.216.197.169
605,Brucie,Levin,blevings@redcross.org,Male,242.189.217.87
606,Alice,Lismore,alismoregt@tuttocitta.it,Female,235.106.219.28
607,Glynda,Tuffell,gtuffellgu@answers.com,Female,240.30.250.199
608,Aarika,Mc Caghan,amccaghangv@imdb.com,Female,248.246.196.239
609,Jolene,Sumpter,jsumptergw@biglobe.ne.jp,Female,111.63.216.164
610,Chaddy,Pennings,cpenningsgx@loc.gov,Male,140.80.56.62
611,Gerhard,Abade,gabadegy@google.ca,Male,199.64.24.220
612,Meris,Cuerda,mcuerdagz@jigsy.com,Female,67.12.63.196
613,Boycie,Ewols,bewolsh0@digg.com,Male,228.104.253.139
614,Alfie,Bram,abramh1@mysql.com,Female,201.231.210.13
615,Ebony,Dethloff,edethloffh2@home.pl,Female,1.197.154.105
616,Deeann,Labeuil,dlabeuilh3@ocn.ne.jp,Female,202.143.74.102
617,Kennett,Rapinett,krapinetth4@hibu.com,Male,129.253.165.203
618,Ab,Ambrogioni,aambrogionih5@salon.com,Male,54.33.142.48
619,Alika,Wiley,awileyh6@cam.ac.uk,Female,192.68.168.75
620,Gayla,Counter,gcounterh7@uiuc.edu,Female,153.239.169.189
621,Sebastien,Barbisch,sbarbischh8@sohu.com,Male,202.191.191.209
622,Robbin,Tutill,rtutillh9@wunderground.com,Female,199.40.234.145
623,Ignaz,Deme,idemeha@bing.com,Male,22.159.41.12
624,Sterne,Blakemore,sblakemorehb@parallels.com,Male,43.136.88.156
625,Fionnula,Partkya,fpartkyahc@webeden.co.uk,Female,48.189.248.139
626,Elvis,Parnby,eparnbyhd@blogs.com,Male,245.201.16.104
627,Mallorie,McGuane,mmcguanehe@arizona.edu,Female,141.211.21.154
628,Phillip,Kubis,pkubishf@biblegateway.com,Male,155.204.166.74
629,Magnum,Crosfeld,mcrosfeldhg@upenn.edu,Male,140.23.132.205
630,Cesya,Echelle,cechellehh@independent.co.uk,Female,184.141.36.26
631,Yankee,Pickin,ypickinhi@nydailynews.com,Male,32.9.55.191
632,Arnaldo,Lock,alockhj@princeton.edu,Male,123.123.179.192
633,Delbert,Rozier,drozierhk@cnn.com,Male,74.30.138.97
634,Wallie,Vernazza,wvernazzahl@walmart.com,Female,123.43.163.32
635,Jarred,Breede,jbreedehm@oaic.gov.au,Male,75.107.57.68
636,Gloriane,Poynzer,gpoynzerhn@digg.com,Female,99.116.161.155
637,Caren,Brooking,cbrookingho@chron.com,Female,221.76.143.146
638,Paul,Commander,pcommanderhp@topsy.com,Male,217.242.45.247
639,Shadow,Olufsen,solufsenhq@about.me,Male,137.115.71.224
640,Cory,Boyce,cboycehr@drupal.org,Female,221.131.221.4
641,Levi,MacKnocker,lmacknockerhs@opera.com,Male,86.44.53.191
642,Christos,Timson,ctimsonht@usatoday.com,Male,81.59.102.150
643,Wallache,Killford,wkillfordhu@ycombinator.com,Male,24.38.143.147
644,Henrie,McBayne,hmcbaynehv@cisco.com,Female,218.187.48.213
645,Remy,Kauffman,rkauffmanhw@google.ca,Female,5.191.126.221
646,Mela,Lente,mlentehx@craigslist.org,Female,225.110.252.86
647,Candy,Boeter,cboeterhy@ucoz.ru,Female,103.101.158.200
648,Wilton,Witter,wwitterhz@acquirethisname.com,Male,26.21.56.13
649,Ninette,Mourgue,nmourguei0@dell.com,Female,138.45.53.247
650,Honey,Beaglehole,hbeagleholei1@livejournal.com,Female,220.139.189.241
651,Stormy,Conachie,sconachiei2@apache.org,Female,146.39.3.63
652,Nollie,Mackilpatrick,nmackilpatricki3@redcross.org,Male,71.37.81.239
653,Jehu,Stonestreet,jstonestreeti4@theatlantic.com,Male,38.204.211.174
654,Moyra,Lindeboom,mlindeboomi5@nsw.gov.au,Female,33.101.57.57
655,Rubin,MacCawley,rmaccawleyi6@cam.ac.uk,Male,155.185.154.195
656,John,O'Kennedy,jokennedyi7@friendfeed.com,Male,134.3.175.83
657,Cornie,Vize,cvizei8@photobucket.com,Male,43.73.245.69
658,Garrik,Mulkerrins,gmulkerrinsi9@themeforest.net,Male,146.210.88.115
659,Stevana,Medeway,smedewayia@walmart.com,Female,225.224.125.159
660,Addi,Noirel,anoirelib@amazonaws.com,Female,15.221.210.248
661,Bernetta,Holtaway,bholtawayic@dagondesign.com,Female,202.99.159.45
662,Vinny,Hayball,vhayballid@meetup.com,Female,249.247.219.44
663,Cleo,Mountford,cmountfordie@mediafire.com,Female,9.249.86.45
664,Cirillo,Brigginshaw,cbrigginshawif@dell.com,Male,158.231.139.37
665,Malia,Saunderson,msaundersonig@geocities.jp,Female,35.241.251.86
666,Dianne,Pettus,dpettusih@privacy.gov.au,Female,185.254.27.164
667,Farrell,Barnardo,fbarnardoii@vkontakte.ru,Male,28.36.159.78
668,Ludovika,Bessell,lbessellij@prnewswire.com,Female,150.167.252.189
669,Inglis,Bartalini,ibartaliniik@sakura.ne.jp,Male,71.124.91.254
670,Winnie,Almond,walmondil@hhs.gov,Female,203.64.176.19
671,Phillis,Macieiczyk,pmacieiczykim@bloglovin.com,Female,72.103.191.54
672,Lyle,Hatrick,lhatrickin@princeton.edu,Male,9.17.200.223
673,Bryan,Fenwick,bfenwickio@diigo.com,Male,44.141.23.241
674,Zoe,Blodgett,zblodgettip@ted.com,Female,106.134.105.247
675,Kain,McNabb,kmcnabbiq@ocn.ne.jp,Male,7.170.60.229
676,Parry,Oakenfull,poakenfullir@cafepress.com,Male,87.34.25.78
677,Stephie,Sprowson,ssprowsonis@dyndns.org,Female,206.112.64.175
678,Wallace,Druery,wdrueryit@miitbeian.gov.cn,Male,236.193.86.86
679,Norbie,Kernoghan,nkernoghaniu@example.com,Male,207.166.189.249
680,Tarrance,Davidow,tdavidowiv@intel.com,Male,126.50.196.175
681,Rem,Hundal,rhundaliw@list-manage.com,Male,181.51.49.181
682,Eduardo,Crickett,ecrickettix@ucla.edu,Male,75.112.116.181
683,Avrit,Tommei,atommeiiy@techcrunch.com,Female,137.103.227.112
684,Mick,Mecchi,mmecchiiz@sbwire.com,Male,55.30.42.204
685,Doralin,Stuchbery,dstuchberyj0@mapy.cz,Female,111.140.43.9
686,Pet,Mellmoth,pmellmothj1@hatena.ne.jp,Female,77.93.96.10
687,Anabel,Vearncomb,avearncombj2@reverbnation.com,Female,211.2.154.219
688,Cybil,Stebbins,cstebbinsj3@boston.com,Female,23.1.120.229
689,Gavra,Elesander,gelesanderj4@time.com,Female,45.23.40.175
690,Pierrette,Jiroutek,pjiroutekj5@blog.com,Female,21.75.202.37
691,Bettye,Pelfer,bpelferj6@paypal.com,Female,152.163.73.75
692,Giana,Horrell,ghorrellj7@quantcast.com,Female,106.137.200.81
693,Loren,Bingall,lbingallj8@lycos.com,Male,47.252.215.3
694,Ogden,Ilyin,oilyinj9@slideshare.net,Male,74.171.174.185
695,Kellen,Blanchard,kblanchardja@flickr.com,Female,231.120.172.80
696,Gavan,Phillpot,gphillpotjb@webs.com,Male,153.167.229.16
697,Ruby,Pedel,rpedeljc@mashable.com,Male,154.218.215.228
698,Pepillo,Paddy,ppaddyjd@desdev.cn,Male,233.123.5.144
699,Seamus,Brannan,sbrannanje@delicious.com,Male,191.65.79.125
700,Pamelina,Chastanet,pchastanetjf@usgs.gov,Female,58.26.154.34
701,Electra,Flight,eflightjg@deviantart.com,Female,54.107.147.63
702,Kata,Borchardt,kborchardtjh@bravesites.com,Female,164.233.168.51
703,Conny,Apfler,capflerji@example.com,Female,190.195.203.107
704,Jerald,Kilius,jkiliusjj@shinystat.com,Male,93.148.226.93
705,Aurel,Lorent,alorentjk@cbc.ca,Female,180.237.80.78
706,Pascal,Honeyghan,phoneyghanjl@nyu.edu,Male,1.130.103.252
707,Judy,Fackrell,jfackrelljm@sitemeter.com,Female,200.207.194.110
708,Care,Parmley,cparmleyjn@yellowpages.com,Male,70.32.249.96
709,Gilemette,Kingdom,gkingdomjo@istockphoto.com,Female,54.31.200.91
710,Deana,Hawkswood,dhawkswoodjp@time.com,Female,129.120.226.17
711,Kennedy,Jellico,kjellicojq@deviantart.com,Male,231.126.186.173
712,Papagena,Remington,premingtonjr@sphinn.com,Female,92.33.192.203
713,Ofelia,Tall,otalljs@reference.com,Female,157.67.243.166
714,Uriel,Woltman,uwoltmanjt@altervista.org,Male,151.129.19.163
715,Minnaminnie,Uzzell,muzzellju@webmd.com,Female,40.83.19.208
716,Aldric,Guerro,aguerrojv@scientificamerican.com,Male,201.21.220.207
717,Nadine,Rivett,nrivettjw@unblog.fr,Female,231.94.135.208
718,Lilas,Crowther,lcrowtherjx@creativecommons.org,Female,22.92.116.154
719,Ingeborg,Wield,iwieldjy@people.com.cn,Female,89.8.191.10
720,Barbee,Larose,blarosejz@weebly.com,Female,51.115.146.239
721,Ettie,Willder,ewillderk0@census.gov,Female,254.115.11.62
722,Niki,Alphege,nalphegek1@intel.com,Male,253.225.134.193
723,Chance,Grimmett,cgrimmettk2@is.gd,Male,117.1.95.73
724,Jae,Murrells,jmurrellsk3@merriam-webster.com,Male,20.231.131.188
725,Ora,Boog,oboogk4@discovery.com,Female,210.169.190.176
726,Carri,Iddins,ciddinsk5@shutterfly.com,Female,230.142.120.50
727,Agnesse,Buckley,abuckleyk6@liveinternet.ru,Female,14.241.163.22
728,Letti,Raymont,lraymontk7@scribd.com,Female,160.63.58.232
729,Jori,Bowdrey,jbowdreyk8@digg.com,Female,65.120.5.190
730,Lion,Berkley,lberkleyk9@mayoclinic.com,Male,141.58.25.8
731,Patrice,Hinkley,phinkleyka@scribd.com,Male,84.217.49.150
732,Dee,BURWIN,dburwinkb@is.gd,Female,50.155.176.132
733,Francisco,Makin,fmakinkc@cloudflare.com,Male,14.30.47.106
734,Duky,Skittreal,dskittrealkd@chronoengine.com,Male,226.73.201.186
735,Tony,Midden,tmiddenke@mlb.com,Male,245.26.98.141
736,Chadd,Deerr,cdeerrkf@psu.edu,Male,219.72.134.142
737,Berny,Beggi,bbeggikg@jimdo.com,Female,88.16.6.201
738,Maggie,Gammidge,mgammidgekh@ehow.com,Female,159.34.152.130
739,Dimitri,Sivell,dsivellki@topsy.com,Male,95.223.139.238
740,Lorry,Bucham,lbuchamkj@lulu.com,Male,75.24.217.97
741,Julianna,Peele,jpeelekk@utexas.edu,Female,217.123.244.47
742,Caralie,Sigars,csigarskl@mapquest.com,Female,2.160.5.138
743,Dede,Morrieson,dmorriesonkm@toplist.cz,Female,2.218.19.103
744,Dion,Sanja,dsanjakn@bluehost.com,Male,177.201.13.220
745,Fitz,Soans,fsoansko@bigcartel.com,Male,7.91.114.103
746,Rory,Grunder,rgrunderkp@netlog.com,Female,97.161.217.245
747,Hewitt,Allett,hallettkq@telegraph.co.uk,Male,57.248.192.180
748,Nahum,Norville,nnorvillekr@youtu.be,Male,234.38.20.254
749,Lani,Goade,lgoadeks@amazon.co.uk,Female,168.27.1.226
750,Randi,Orhtmann,rorhtmannkt@cam.ac.uk,Male,78.184.71.141
751,Sherill,Stocks,sstocksku@pinterest.com,Female,73.4.207.140
752,Jeanne,Barff,jbarffkv@sakura.ne.jp,Female,153.225.233.67
753,Isiahi,Windley,iwindleykw@mtv.com,Male,179.110.213.212
754,Ashleigh,Shiers,ashierskx@time.com,Female,183.98.219.251
755,Domini,Cowl,dcowlky@noaa.gov,Female,170.52.207.57
756,Brandise,Bernlin,bbernlinkz@washington.edu,Female,190.210.14.240
757,Pauletta,Brookes,pbrookesl0@wikimedia.org,Female,255.79.152.96
758,Julieta,McTrustrie,jmctrustriel1@state.gov,Female,253.86.165.154
759,Tabitha,Lenham,tlenhaml2@gmpg.org,Female,127.74.49.58
760,Massimiliano,Turbern,mturbernl3@nps.gov,Male,40.65.80.20
761,Alys,Gawen,agawenl4@theglobeandmail.com,Female,179.172.157.234
762,Norine,Valler,nvallerl5@hao123.com,Female,210.189.87.232
763,Corey,Bengal,cbengall6@mlb.com,Male,164.128.175.182
764,Hamish,Pirri,hpirril7@google.pl,Male,55.153.250.30
765,Rik,Prahm,rprahml8@icq.com,Male,237.95.71.62
766,Sherm,Cappineer,scappineerl9@time.com,Male,148.26.165.88
767,Henrie,Hartwell,hhartwellla@apache.org,Female,235.226.18.53
768,Quincy,Swiffen,qswiffenlb@indiegogo.com,Male,134.1.138.53
769,Edee,Whettleton,ewhettletonlc@xing.com,Female,116.11.192.182
770,Latisha,Menaul,lmenaulld@163.com,Female,179.19.236.209
771,Silvanus,Langhor,slanghorle@patch.com,Male,146.73.104.99
772,Delores,Storm,dstormlf@yelp.com,Female,190.250.118.83
773,Cissiee,Veysey,cveyseylg@imdb.com,Female,1.146.78.83
774,Carmela,Crisp,ccrisplh@barnesandnoble.com,Female,123.204.160.87
775,Jarred,Lapsley,jlapsleyli@ebay.co.uk,Male,47.105.174.170
776,Harbert,Sola,hsolalj@pbs.org,Male,117.98.134.9
777,Josephine,Mc Caghan,jmccaghanlk@tuttocitta.it,Female,13.100.145.93
778,Jenna,Zima,jzimall@cnbc.com,Female,27.232.93.156
779,Krishnah,Defty,kdeftylm@japanpost.jp,Male,1.155.38.60
780,Aleen,Halsworth,ahalsworthln@free.fr,Female,176.42.112.212
781,Arvy,Vigours,avigourslo@netlog.com,Male,71.37.174.212
782,Martina,Whyley,mwhyleylp@yellowbook.com,Female,231.9.206.22
783,Delmore,Tilley,dtilleylq@sun.com,Male,215.138.150.229
784,Lorita,Edens,ledenslr@guardian.co.uk,Female,180.197.132.148
785,Leonardo,Bortol,lbortolls@phpbb.com,Male,165.78.143.126
786,Enrico,Beyne,ebeynelt@ted.com,Male,83.173.213.226
787,Rab,Bradbrook,rbradbrooklu@skype.com,Male,239.63.86.112
788,Nichole,Ashburner,nashburnerlv@hud.gov,Female,58.214.120.155
789,Idell,Luchetti,iluchettilw@latimes.com,Female,77.196.147.227
790,Sky,Tullett,stullettlx@sourceforge.net,Male,142.2.192.42
791,Franzen,Rhead,frheadly@home.pl,Male,228.27.124.14
792,Odella,Brayshaw,obrayshawlz@sfgate.com,Female,172.5.93.225
793,Henry,Vokes,hvokesm0@prlog.org,Male,19.153.170.114
794,Brnaba,Bedburrow,bbedburrowm1@soup.io,Male,152.231.136.34
795,Rodrique,Liggens,rliggensm2@so-net.ne.jp,Male,182.146.252.26
796,Elinor,Doohey,edooheym3@live.com,Female,149.29.247.32
797,Burnard,Cordy,bcordym4@apache.org,Male,218.177.134.211
798,Delmor,Mauro,dmaurom5@bloglovin.com,Male,164.60.61.142
799,Daryl,Swindlehurst,dswindlehurstm6@ox.ac.uk,Male,255.236.24.19
800,Arleen,Bartolozzi,abartolozzim7@edublogs.org,Female,35.136.232.39
801,Lind,Goodsell,lgoodsellm8@ucoz.ru,Female,9.157.99.133
802,Nikolos,Dorot,ndorotm9@nymag.com,Male,93.7.92.137
803,Del,Kabos,dkabosma@xrea.com,Female,224.100.68.14
804,Montague,Baniard,mbaniardmb@issuu.com,Male,8.246.55.103
805,Dorine,Sesons,dsesonsmc@indiatimes.com,Female,74.121.101.126
806,Ina,Fishley,ifishleymd@wikia.com,Female,12.32.146.248
807,Rachael,Yewen,ryewenme@fema.gov,Female,167.29.137.216
808,Steffen,Olivetta,solivettamf@trellian.com,Male,172.181.217.245
809,Tiler,Hagger,thaggermg@tripadvisor.com,Male,69.27.167.86
810,Kurt,Kiggel,kkiggelmh@forbes.com,Male,229.195.20.78
811,Vivia,McCorrie,vmccorriemi@slate.com,Female,69.252.106.96
812,Keir,Weld,kweldmj@examiner.com,Male,207.202.113.31
813,Elroy,Haldane,ehaldanemk@prweb.com,Male,206.211.36.164
814,Wendall,Stopford,wstopfordml@edublogs.org,Male,131.242.5.246
815,Paddie,Draisey,pdraiseymm@barnesandnoble.com,Male,107.39.44.125
816,Jocelin,Klimko,jklimkomn@amazonaws.com,Female,236.169.221.221
817,Cary,Gozard,cgozardmo@seesaa.net,Female,190.86.49.173
818,Adey,Falla,afallamp@zdnet.com,Female,28.74.46.29
819,Marlon,enzley,menzleymq@vkontakte.ru,Male,231.20.166.124
820,Oneida,Fost,ofostmr@sbwire.com,Female,246.220.6.130
821,Selene,Frugier,sfrugierms@surveymonkey.com,Female,21.138.195.142
822,Giusto,Bridgwood,gbridgwoodmt@reverbnation.com,Male,67.4.115.118
823,Deck,Grinval,dgrinvalmu@squidoo.com,Male,72.19.48.89
824,Antonia,Mc Faul,amcfaulmv@webeden.co.uk,Female,75.127.69.54
825,Dennison,Arnould,darnouldmw@npr.org,Male,71.165.254.27
826,Far,Hasson,fhassonmx@squarespace.com,Male,116.140.75.106
827,Leona,Smithson,lsmithsonmy@lulu.com,Female,141.112.13.221
828,Prue,Gehring,pgehringmz@msu.edu,Female,58.231.36.54
829,Julee,Stevenson,jstevensonn0@whitehouse.gov,Female,90.130.194.164
830,Kamila,Archibould,karchibouldn1@dmoz.org,Female,26.170.82.54
831,Barnett,Jeschner,bjeschnern2@chron.com,Male,8.21.101.170
832,Bibbye,Luxton,bluxtonn3@wix.com,Female,127.182.141.158
833,Bruce,Lysaght,blysaghtn4@thetimes.co.uk,Male,238.42.213.47
834,Sabina,Struijs,sstruijsn5@parallels.com,Female,155.193.192.185
835,Chrisse,Esmead,cesmeadn6@hao123.com,Male,114.250.57.191
836,Godard,Skeene,gskeenen7@mozilla.org,Male,148.249.113.108
837,Billie,Lowndsbrough,blowndsbroughn8@naver.com,Male,63.214.46.178
838,Bord,Toppes,btoppesn9@answers.com,Male,241.113.108.248
839,Catharina,Saltwell,csaltwellna@yale.edu,Female,103.224.204.155
840,Hagen,Dunphy,hdunphynb@cafepress.com,Male,21.190.110.174
841,Alleen,Hoofe,ahoofenc@mashable.com,Female,199.217.68.229
842,Serge,Spearing,sspearingnd@free.fr,Male,151.181.159.253
843,Kerwin,Janatka,kjanatkane@youtu.be,Male,237.193.17.108
844,Dietrich,Idel,didelnf@friendfeed.com,Male,150.158.83.34
845,Jedediah,Keane,jkeaneng@imageshack.us,Male,210.186.77.46
846,Lilia,Pettigrew,lpettigrewnh@usda.gov,Female,93.97.137.33
847,Fanni,Grafton,fgraftonni@twitpic.com,Female,102.159.182.168
848,Karalee,Coo,kcoonj@elegantthemes.com,Female,104.163.227.246
849,Jerry,Schwander,jschwandernk@typepad.com,Male,112.240.135.2
850,Merrill,Giovanazzi,mgiovanazzinl@google.nl,Male,65.195.98.125
851,Wang,Wharf,wwharfnm@cmu.edu,Male,74.119.250.190
852,Gallagher,Kinvan,gkinvannn@google.pl,Male,73.237.96.48
853,Eydie,Dietzler,edietzlerno@bbb.org,Female,172.161.9.120
854,Kleon,Casino,kcasinonp@latimes.com,Male,121.248.112.66
855,Almeda,MacCartan,amaccartannq@fastcompany.com,Female,129.194.53.43
856,Cozmo,Aylett,caylettnr@theglobeandmail.com,Male,241.3.5.20
857,Sammie,Hamil,shamilns@bloglovin.com,Male,248.211.1.191
858,Leonerd,Waldren,lwaldrennt@4shared.com,Male,191.229.199.244
859,Sherlock,Broek,sbroeknu@blogger.com,Male,156.198.232.230
860,Wrennie,Paiton,wpaitonnv@desdev.cn,Female,67.126.211.193
861,Shea,Jirusek,sjiruseknw@webs.com,Male,222.26.42.21
862,Blythe,Palethorpe,bpalethorpenx@liveinternet.ru,Female,231.33.210.106
863,Krystalle,Lucia,kluciany@baidu.com,Female,150.222.210.233
864,Britte,Peedell,bpeedellnz@mtv.com,Female,87.130.115.132
865,Constantin,Plowright,cplowrighto0@bbb.org,Male,94.207.159.2
866,Emili,Lippitt,elippitto1@chicagotribune.com,Female,241.218.159.12
867,Tomi,Kardos-Stowe,tkardosstoweo2@acquirethisname.com,Female,158.29.173.17
868,Curry,Epp,ceppo3@auda.org.au,Male,203.40.31.201
869,Enrika,Bittleson,ebittlesono4@uiuc.edu,Female,249.171.241.52
870,Frazier,Troake,ftroakeo5@nydailynews.com,Male,97.101.235.162
871,Daryle,Morrall,dmorrallo6@studiopress.com,Male,211.71.148.93
872,Agustin,Zanioletti,azaniolettio7@reddit.com,Male,119.3.33.147
873,Noelani,Kennea,nkenneao8@cbsnews.com,Female,9.46.202.0
874,Kellby,Angeau,kangeauo9@blinklist.com,Male,223.0.29.234
875,Aland,Despenser,adespenseroa@ebay.co.uk,Male,51.68.11.190
876,Shelagh,Hillitt,shillittob@netvibes.com,Female,194.251.118.94
877,Darelle,Caulcott,dcaulcottoc@who.int,Female,7.136.214.217
878,Gisele,Wagenen,gwagenenod@gnu.org,Female,237.177.96.12
879,Park,Arni,parnioe@redcross.org,Male,55.104.10.97
880,Shermy,Crutchley,scrutchleyof@telegraph.co.uk,Male,18.91.193.246
881,Lotta,MacUchadair,lmacuchadairog@tripod.com,Female,7.164.208.16
882,Euphemia,Partleton,epartletonoh@blogger.com,Female,81.89.210.23
883,Cinderella,Topaz,ctopazoi@arizona.edu,Female,194.209.185.22
884,Tedd,Havelin,thavelinoj@soup.io,Male,66.177.143.233
885,Ezechiel,Haseley,ehaseleyok@feedburner.com,Male,231.178.190.214
886,Vallie,Grills,vgrillsol@clickbank.net,Female,10.76.31.83
887,Taite,Hussell,thussellom@rediff.com,Male,204.40.243.97
888,Valdemar,Renyard,vrenyardon@cbc.ca,Male,59.124.125.84
889,Garreth,Donkersley,gdonkersleyoo@fastcompany.com,Male,187.80.84.73
890,Evangelina,Robertshaw,erobertshawop@qq.com,Female,86.107.218.107
891,Nefen,Waslin,nwaslinoq@fda.gov,Male,201.148.209.32
892,Brion,Siaskowski,bsiaskowskior@wix.com,Male,115.102.31.175
893,Osbourne,Seabon,oseabonos@patch.com,Male,14.10.230.203
894,Orren,Checcuzzi,ocheccuzziot@yandex.ru,Male,33.34.201.9
895,Selma,Cuniffe,scuniffeou@kickstarter.com,Female,112.5.130.34
896,Lissi,Kenealy,lkenealyov@npr.org,Female,83.235.214.220
897,Brandy,Whaites,bwhaitesow@nationalgeographic.com,Male,99.239.52.220
898,Geoff,Sissot,gsissotox@msn.com,Male,100.253.127.224
899,Catlaina,Palia,cpaliaoy@walmart.com,Female,140.193.246.64
900,Nicolais,Von Helmholtz,nvonhelmholtzoz@paypal.com,Male,37.137.174.163
901,Mackenzie,Humfrey,mhumfreyp0@latimes.com,Male,247.89.27.212
902,Lian,O' Culligan,loculliganp1@unicef.org,Female,177.159.58.137
903,Kristofor,Turfus,kturfusp2@imdb.com,Male,76.203.99.203
904,Kelcy,Tippell,ktippellp3@sphinn.com,Female,172.178.60.239
905,Denney,Herries,dherriesp4@senate.gov,Male,195.6.68.133
906,Glen,Fley,gfleyp5@edublogs.org,Female,31.202.143.14
907,Toiboid,Gainsford,tgainsfordp6@vk.com,Male,158.75.215.102
908,Jackelyn,Blue,jbluep7@merriam-webster.com,Female,186.12.214.51
909,Bjorn,Sansun,bsansunp8@xrea.com,Male,192.103.43.96
910,Carver,Mayzes,cmayzesp9@about.com,Male,26.108.187.163
911,Curcio,Manclark,cmanclarkpa@netvibes.com,Male,44.119.145.116
912,Byram,McCurlye,bmccurlyepb@yandex.ru,Male,190.232.90.6
913,Weidar,Theseira,wtheseirapc@dedecms.com,Male,103.227.61.75
914,Finn,Durrett,fdurrettpd@blogger.com,Male,21.173.107.101
915,Gris,Patey,gpateype@cdc.gov,Male,185.43.137.125
916,Selene,Izachik,sizachikpf@nhs.uk,Female,159.229.78.40
917,Murial,Buckam,mbuckampg@google.com.au,Female,117.176.66.187
918,Renell,Golden,rgoldenph@hexun.com,Female,173.99.50.69
919,Jermain,Haggett,jhaggettpi@opensource.org,Male,129.154.146.107
920,Loren,Leipnik,lleipnikpj@a8.net,Female,22.119.247.36
921,Ora,Bramo,obramopk@feedburner.com,Female,71.29.90.136
922,Corrina,Elletson,celletsonpl@tinyurl.com,Female,40.255.69.94
923,Kevon,Penke,kpenkepm@spiegel.de,Male,116.138.65.221
924,Sadella,Sheridan,ssheridanpn@istockphoto.com,Female,254.185.108.23
925,Anderea,Charlewood,acharlewoodpo@i2i.jp,Female,240.233.246.76
926,Thurston,Mallard,tmallardpp@topsy.com,Male,82.51.122.110
927,Seamus,Melin,smelinpq@instagram.com,Male,155.40.254.171
928,Ber,Soames,bsoamespr@ustream.tv,Male,52.227.33.201
929,Ynez,Raffan,yraffanps@usnews.com,Female,163.241.26.236
930,Ad,Brashier,abrashierpt@github.io,Male,106.246.223.140
931,Roderick,MacNab,rmacnabpu@latimes.com,Male,151.186.61.189
932,Gretchen,Huffey,ghuffeypv@twitter.com,Female,124.132.143.24
933,Casey,Filyashin,cfilyashinpw@opera.com,Female,68.140.64.182
934,Carlyle,Fitzsymonds,cfitzsymondspx@merriam-webster.com,Male,107.38.6.157
935,Brynn,Izat,bizatpy@yelp.com,Female,89.7.12.33
936,Crissie,Gaynes,cgaynespz@wikimedia.org,Female,24.199.255.191
937,Val,Leger,vlegerq0@blogger.com,Male,185.98.91.15
938,Son,Chiechio,schiechioq1@sohu.com,Male,177.63.34.53
939,Athene,Duchart,aduchartq2@tmall.com,Female,190.40.150.193
940,Harland,Begent,hbegentq3@umich.edu,Male,40.236.83.128
941,Burtie,Dowsett,bdowsettq4@imageshack.us,Male,130.220.13.228
942,Mil,Kunat,mkunatq5@theatlantic.com,Female,152.13.55.239
943,Wanids,Lambotin,wlambotinq6@topsy.com,Female,20.176.227.248
944,Artus,Vasilic,avasilicq7@desdev.cn,Male,244.48.5.74
945,Lethia,Ritchard,lritchardq8@fda.gov,Female,139.172.139.42
946,Jameson,Hadaway,jhadawayq9@mediafire.com,Male,178.53.0.226
947,Torrance,Penhallurick,tpenhallurickqa@loc.gov,Male,121.62.119.184
948,Sampson,Buffy,sbuffyqb@aol.com,Male,131.163.11.83
949,Jacki,Fendt,jfendtqc@ifeng.com,Female,130.25.152.143
950,Nana,Cuddehay,ncuddehayqd@friendfeed.com,Female,21.29.105.120
951,Ximenez,Riddell,xriddellqe@tinypic.com,Male,122.175.152.221
952,Dasha,Barritt,dbarrittqf@globo.com,Female,97.163.238.37
953,Avrit,Barends,abarendsqg@free.fr,Female,222.85.109.163
954,Augustine,Karby,akarbyqh@google.co.jp,Female,198.251.234.67
955,Mirna,Luckin,mluckinqi@msu.edu,Female,235.113.190.161
956,Quincy,Widmore,qwidmoreqj@alibaba.com,Male,209.89.0.255
957,Aubrette,Collingdon,acollingdonqk@goo.ne.jp,Female,163.115.38.216
958,Edward,Haffard,ehaffardql@cnet.com,Male,104.9.174.59
959,Yank,Darke,ydarkeqm@adobe.com,Male,117.14.181.226
960,Amelina,Penylton,apenyltonqn@blog.com,Female,202.50.29.26
961,Layton,Basili,lbasiliqo@gravatar.com,Male,9.34.173.128
962,Bobbee,Wormstone,bwormstoneqp@ucsd.edu,Female,221.178.255.101
963,Emelen,Childers,echildersqq@plala.or.jp,Male,104.46.228.53
964,Matthus,Thoday,mthodayqr@cnbc.com,Male,209.246.229.174
965,Anabel,Sturdgess,asturdgessqs@privacy.gov.au,Female,131.162.208.233
966,Ceciley,Shingler,cshinglerqt@who.int,Female,118.213.70.170
967,Nancey,Speight,nspeightqu@studiopress.com,Female,167.20.246.81
968,Jeremias,Goodall,jgoodallqv@fastcompany.com,Male,167.150.37.101
969,Clarabelle,Rosgen,crosgenqw@cmu.edu,Female,61.241.121.205
970,Darn,Parrott,dparrottqx@wikia.com,Male,228.52.230.82
971,Krystle,Fraczkiewicz,kfraczkiewiczqy@sbwire.com,Female,31.192.173.245
972,Ernie,Mandifield,emandifieldqz@shinystat.com,Male,11.234.82.33
973,Bert,Dundredge,bdundredger0@un.org,Female,108.204.218.224
974,Bili,Massei,bmasseir1@sfgate.com,Female,156.233.251.243
975,Candis,Kimpton,ckimptonr2@de.vu,Female,108.69.35.34
976,Beau,Queen,bqueenr3@simplemachines.org,Male,121.35.214.56
977,Ambrosio,Jeal,ajealr4@apple.com,Male,96.160.244.143
978,Lothario,Blewett,lblewettr5@csmonitor.com,Male,30.10.160.147
979,Oswell,Lothean,olotheanr6@dyndns.org,Male,3.53.215.182
980,Gweneth,Waters,gwatersr7@howstuffworks.com,Female,43.8.167.83
981,Kipp,Normanvill,knormanvillr8@diigo.com,Female,48.146.123.252
982,Philip,Lafflin,plafflinr9@bravesites.com,Male,248.68.51.32
983,Pall,Stocken,pstockenra@google.nl,Male,222.229.156.131
984,Kenon,Perel,kperelrb@privacy.gov.au,Male,59.134.224.111
985,Lesli,Moncarr,lmoncarrrc@microsoft.com,Female,17.179.15.168
986,Padriac,Tupman,ptupmanrd@wufoo.com,Male,211.51.138.182
987,Sherlocke,Ellwand,sellwandre@geocities.com,Male,139.240.166.242
988,Tobe,Auger,taugerrf@cisco.com,Female,44.233.195.243
989,Boy,Wyness,bwynessrg@meetup.com,Male,90.133.90.7
990,Von,Blincowe,vblincowerh@oaic.gov.au,Male,147.247.52.145
991,Denyse,Bisacre,dbisacreri@vinaora.com,Female,124.19.225.3
992,Martynne,Mackelworth,mmackelworthrj@plala.or.jp,Female,12.39.47.101
993,Lynnet,Worge,lworgerk@jigsy.com,Female,39.15.97.251
994,Monro,Riccardelli,mriccardellirl@un.org,Male,9.175.74.158
995,Aloysia,Verson,aversonrm@wix.com,Female,184.3.136.163
996,Addy,Houlson,ahoulsonrn@sitemeter.com,Male,33.183.184.251
997,Gael,Digman,gdigmanro@nih.gov,Female,59.223.118.23
998,Lannie,Satcher,lsatcherrp@taobao.com,Male,205.160.170.13
999,Junina,Ransley,jransleyrq@whitehouse.gov,Female,132.14.57.240
1000,Chico,Sears,csearsrr@ustream.tv,Male,237.90.22.156
